area,latitude,longitude,crops
cheyyur,12.388771,79.806037,Groundnut
madhuranthagam,12.411884,79.834513,groundnut
cheyyur,12.352541,79.863219,groundnut
mathur,12.464223,79.808762,groundnut
unamalai,12.468878,79.836753,groundnut
gurumbirai,12.440818,12.440818,groundnut
 Hanumanthapuram,12.691595,80.049147,Groundnut
Elumichampattu,12.567017,79.9809,groundnut
Anoor,12.577378,79.971583,groundnut
chengalpattu,12.686497,79.999046,groundnut
Sholinganallur,12.884877,80.221471,groundnut
Kadambadi,12.602376,80.14371,groungnut
Wallajahbad,12.803173,79.813532,groundnut
Amarambedu,12.933858,80.000761,groundnut
Vittilapuram,12.521205,80.131918,groundnut
Uthiramerur,12.619333,79.759202,groundnut
Manimangalam,12.903696,80.020187,groundnut
Thalavarampoondi,12.575758,79.781871,groundnut
Thirutheri R.F.,12.726591,79.998322,groundnut
Vedanthangal,12.538389,79.852544,groundnut
Madurantakam,12.520374,79.920059,groundnut
Oragadam,12.649886,80.039319,groundnut
Tirukkalukkunram,12.644315,�80.046373,groundnut
Padur,12.789441,80.232525,groundnut
karayambedu,12.806037,80.066541,groundnut
Amarambedu,12.933858,80.000761,groundnut
