area,latitude,longitude,crops
pulikorodu,12.446388,79.861508,millet
unamalai,12.468118,79.838919,millet
alathur,12.686599,80.175396,millet
alathur,12.687405,80.178385,millet
 Hanumanthapuram,12.69142,80.042759,millet
Kadambadi,12.602376,80.14371,maize
Mambakkam,12.841366,80.1637,millet
Nenmeli,12.649646,79.990984,millet
Thathalur,12.574711,80.033558,millet
kondamangalam,12.744937,80.048528,millet
manampathy,12.654116,80.115263,millet
Madurantakam,12.521056,79.889157,millet
Thirupporur,12.651089,80.037738,millet
maiyur,12.645054,79.919941,millet
