Area,latitude,longitude,crops
cheyyur,12.388727,79.805032,Ragi
orathur,12.47332,79.804346,ragi
mathuranthagam,12.454125,79.828302,ragi
alathur,12.68807,80.178616,ragi
alathur,12.689838,80.17853,Ragi
ammanur,12.36469,80.008922,ragi
Amanambakkam,12.696928,79.999518,ragi
Kadambadi,12.608224,80.135481,ragi
manampathy,12.655697,80.114505,ragi
manampathy,12.659171,80.117291,ragi
Manimangalam,12.903643,80.02113,ragi
Amarambedu,12.948334,79.984594,ragi
Thenmelpakkam,12.719127,80.001304,ragi
Maduranthakam,12.51927,79.886949,ragi
Thirupporur,12.677083,80.091778,ragi
Padur,12.791439,80.228378,ragi
maiyur,12.666045,79.942192,ragi
