area,latitude,londitude,crops
kolathur,12.363817,79.811338,sugarcane
madhuranthagam,12.483652,79.785127,sugarcane
madhuranthagam,12.483652,79.785127,sugarcane
 Hanumanthapuram,12.68992,80.048906,sugercane
chengalpattu,12.685065,79.997331,sugarcane
Kadambadi,12.608224,80.135481,sugarcane
Mambakkam,12.843491,80.183103,sugarcane
P.v.kalathur,12.616801,79.976173,sugarcane
Manamai,12.59085,80.149602,sugarcane
mathur,12.456628,79.810837,sugarcane
mathur,12.455628,79.810797,sugarcane
manampathy,12.659172,80.120774,sugarcane
thalavarampoondi,12.571063,79.780142,sugarcane
sriperumbudur,12.960598,79.952659,sugarcane
Thirumudivakkam,12.971493,80.082123,sugarcane
sriperumbudur,12.962725,"80.007919
",sugarcane
Thirutheri R.,12.746125,80.021087,sugarcane
Madurantakam,12.517651,79.915689,sugarcane
Tirukkalukkunram,12.645914,80.042846,sugarcane
kaliyappettai,12.737645,79.940336,sugarcane
